-- MySQL Script generated by MySQL Workbench
-- Tue 05 Dec 2017 11:42:57 AM PST
-- Model: New Model    Version: 1.0
-- MySQL Workbench Forward Engineering

SET @OLD_UNIQUE_CHECKS=@@UNIQUE_CHECKS, UNIQUE_CHECKS=0;
SET @OLD_FOREIGN_KEY_CHECKS=@@FOREIGN_KEY_CHECKS, FOREIGN_KEY_CHECKS=0;
SET @OLD_SQL_MODE=@@SQL_MODE, SQL_MODE='TRADITIONAL,ALLOW_INVALID_DATES';

-- -----------------------------------------------------
-- Schema gameOfThrones
-- -----------------------------------------------------

-- -----------------------------------------------------
-- Schema gameOfThrones
-- -----------------------------------------------------
CREATE SCHEMA IF NOT EXISTS `gameOfThrones` DEFAULT CHARACTER SET utf8 ;
USE `gameOfThrones` ;

-- -----------------------------------------------------
-- Table `gameOfThrones`.`great_houses`
-- -----------------------------------------------------
DROP TABLE IF EXISTS `gameOfThrones`.`great_houses` ;

CREATE TABLE IF NOT EXISTS `gameOfThrones`.`great_houses` (
  `gh_id` INT NOT NULL,
  `gh_name` VARCHAR(45) NOT NULL,
  `gh_desc` VARCHAR(1028) NOT NULL,
  PRIMARY KEY (`gh_id`),
  UNIQUE INDEX `gh_name_UNIQUE` (`gh_name` ASC),
  UNIQUE INDEX `gh_id_UNIQUE` (`gh_id` ASC))
ENGINE = InnoDB;


-- -----------------------------------------------------
-- Table `gameOfThrones`.`region`
-- -----------------------------------------------------
DROP TABLE IF EXISTS `gameOfThrones`.`region` ;

CREATE TABLE IF NOT EXISTS `gameOfThrones`.`region` (
  `region_id` INT NOT NULL,
  `region_name` VARCHAR(45) NOT NULL,
  `region_desc` VARCHAR(1028) NOT NULL,
  `controlled_by_gh` INT NULL,
  INDEX `fk_region_great_houses1_idx` (`controlled_by_gh` ASC),
  CONSTRAINT `fk_region_great_houses1`
    FOREIGN KEY (`controlled_by_gh`)
    REFERENCES `gameOfThrones`.`great_houses` (`gh_id`)
    ON DELETE NO ACTION
    ON UPDATE NO ACTION)
ENGINE = InnoDB;


-- -----------------------------------------------------
-- Table `gameOfThrones`.`important_location`
-- -----------------------------------------------------
DROP TABLE IF EXISTS `gameOfThrones`.`important_location` ;

CREATE TABLE IF NOT EXISTS `gameOfThrones`.`important_location` (
  `location_id` INT NOT NULL,
  `location_name` VARCHAR(45) NOT NULL,
  `location_description` VARCHAR(1028) NOT NULL,
  `region_id` INT NOT NULL,
  PRIMARY KEY (`location_id`),
  INDEX `fk_important_location_region1_idx` (`region_id` ASC),
  CONSTRAINT `fk_important_location_region1`
    FOREIGN KEY (`region_id`)
    REFERENCES `gameOfThrones`.`region` (`region_id`)
    ON DELETE NO ACTION
    ON UPDATE NO ACTION)
ENGINE = InnoDB;


-- -----------------------------------------------------
-- Table `gameOfThrones`.`organization`
-- -----------------------------------------------------
DROP TABLE IF EXISTS `gameOfThrones`.`organization` ;

CREATE TABLE IF NOT EXISTS `gameOfThrones`.`organization` (
  `org_id` INT NOT NULL,
  `org_name` VARCHAR(45) NOT NULL,
  `org_desc` VARCHAR(1028) NOT NULL,
  `location_id` INT NULL,
  PRIMARY KEY (`org_id`),
  INDEX `fk_organization_important_location1_idx` (`location_id` ASC),
  CONSTRAINT `fk_organization_important_location1`
    FOREIGN KEY (`location_id`)
    REFERENCES `gameOfThrones`.`important_location` (`location_id`)
    ON DELETE NO ACTION
    ON UPDATE NO ACTION)
ENGINE = InnoDB;


-- -----------------------------------------------------
-- Table `gameOfThrones`.`lesser_house`
-- -----------------------------------------------------
DROP TABLE IF EXISTS `gameOfThrones`.`lesser_house` ;

CREATE TABLE IF NOT EXISTS `gameOfThrones`.`lesser_house` (
  `lh_id` INT NOT NULL,
  `lh_name` VARCHAR(45) NOT NULL,
  `bannerman_of_gh` INT NOT NULL,
  `region_id` INT NOT NULL,
  INDEX `fk_lesser_house_region1_idx` (`region_id` ASC),
  INDEX `fk_lesser_house_great_houses1_idx` (`bannerman_of_gh` ASC),
  CONSTRAINT `fk_lesser_house_great_houses1`
    FOREIGN KEY (`bannerman_of_gh`)
    REFERENCES `gameOfThrones`.`great_houses` (`gh_id`)
    ON DELETE NO ACTION
    ON UPDATE NO ACTION,
  CONSTRAINT `fk_lesser_house_region1`
    FOREIGN KEY (`region_id`)
    REFERENCES `gameOfThrones`.`region` (`region_id`)
    ON DELETE NO ACTION
    ON UPDATE NO ACTION)
ENGINE = InnoDB;


-- -----------------------------------------------------
-- Table `gameOfThrones`.`person_of_interest`
-- -----------------------------------------------------
DROP TABLE IF EXISTS `gameOfThrones`.`person_of_interest` ;

CREATE TABLE IF NOT EXISTS `gameOfThrones`.`person_of_interest` (
  `poi_id` INT NOT NULL,
  `poi_fname` VARCHAR(45) NOT NULL,
  `poi_lname` VARCHAR(45) NULL,
  `poi_desc` VARCHAR(1028) NOT NULL,
  `poi_age` INT NULL,
  `poi_titles` VARCHAR(1028) NULL,
  `gh_id` INT NULL,
  `lh_id` INT NULL,
  `org_id` INT NULL,
  PRIMARY KEY (`poi_id`),
  INDEX `fk_person_of_interest_lesser_house1_idx` (`lh_id` ASC),
  INDEX `fk_person_of_interest_organization1_idx` (`org_id` ASC),
  CONSTRAINT `fk_person_of_interest_great_houses1`
    FOREIGN KEY (`gh_id`)
    REFERENCES `gameOfThrones`.`great_houses` (`gh_id`)
    ON DELETE NO ACTION
    ON UPDATE NO ACTION,
  CONSTRAINT `fk_person_of_interest_lesser_house1`
    FOREIGN KEY (`lh_id`)
    REFERENCES `gameOfThrones`.`lesser_house` (`lh_id`)
    ON DELETE NO ACTION
    ON UPDATE NO ACTION,
  CONSTRAINT `fk_person_of_interest_organization1`
    FOREIGN KEY (`org_id`)
    REFERENCES `gameOfThrones`.`organization` (`org_id`)
    ON DELETE NO ACTION
    ON UPDATE NO ACTION)
ENGINE = InnoDB;


-- -----------------------------------------------------
-- Table `gameOfThrones`.`religion`
-- -----------------------------------------------------
DROP TABLE IF EXISTS `gameOfThrones`.`religion` ;

CREATE TABLE IF NOT EXISTS `gameOfThrones`.`religion` (
  `relig_code` INT NOT NULL,
  `relig_name` VARCHAR(45) NOT NULL,
  `relig_desc` VARCHAR(1028) NOT NULL,
  PRIMARY KEY (`relig_code`))
ENGINE = InnoDB;


-- -----------------------------------------------------
-- Table `gameOfThrones`.`important_deaths`
-- -----------------------------------------------------
DROP TABLE IF EXISTS `gameOfThrones`.`important_deaths` ;

CREATE TABLE IF NOT EXISTS `gameOfThrones`.`important_deaths` (
  `poi_id` INT NOT NULL,
  `death_description` VARCHAR(1028) NOT NULL,
  INDEX `fk_important_deaths_person_of_interest1_idx` (`poi_id` ASC),
  CONSTRAINT `fk_important_deaths_person_of_interest1`
    FOREIGN KEY (`poi_id`)
    REFERENCES `gameOfThrones`.`person_of_interest` (`poi_id`)
    ON DELETE NO ACTION
    ON UPDATE NO ACTION)
ENGINE = InnoDB;


-- -----------------------------------------------------
-- Table `gameOfThrones`.`battle`
-- -----------------------------------------------------
DROP TABLE IF EXISTS `gameOfThrones`.`battle` ;

CREATE TABLE IF NOT EXISTS `gameOfThrones`.`battle` (
  `battle_id` INT NOT NULL,
  `battle_name` VARCHAR(45) NOT NULL,
  `battle_desc` VARCHAR(1028) NOT NULL,
  PRIMARY KEY (`battle_id`))
ENGINE = InnoDB;


-- -----------------------------------------------------
-- Table `gameOfThrones`.`fought_in`
-- -----------------------------------------------------
DROP TABLE IF EXISTS `gameOfThrones`.`fought_in` ;

CREATE TABLE IF NOT EXISTS `gameOfThrones`.`fought_in` (
  `poi_id` INT NOT NULL,
  `battle_id` INT NOT NULL,
  INDEX `fk_person_of_interest_has_battle_battle1_idx` (`battle_id` ASC),
  INDEX `fk_person_of_interest_has_battle_person_of_interest1_idx` (`poi_id` ASC),
  CONSTRAINT `fk_person_of_interest_has_battle_person_of_interest1`
    FOREIGN KEY (`poi_id`)
    REFERENCES `gameOfThrones`.`person_of_interest` (`poi_id`)
    ON DELETE NO ACTION
    ON UPDATE NO ACTION,
  CONSTRAINT `fk_person_of_interest_has_battle_battle1`
    FOREIGN KEY (`battle_id`)
    REFERENCES `gameOfThrones`.`battle` (`battle_id`)
    ON DELETE NO ACTION
    ON UPDATE NO ACTION)
ENGINE = InnoDB;


-- -----------------------------------------------------
-- Table `gameOfThrones`.`believes_in`
-- -----------------------------------------------------
DROP TABLE IF EXISTS `gameOfThrones`.`believes_in` ;

CREATE TABLE IF NOT EXISTS `gameOfThrones`.`believes_in` (
  `poi_id` INT NOT NULL,
  `relig_code` INT NOT NULL,
  INDEX `fk_person_of_interest_has_religion_religion1_idx` (`relig_code` ASC),
  INDEX `fk_person_of_interest_has_religion_person_of_interest1_idx` (`poi_id` ASC),
  CONSTRAINT `fk_person_of_interest_has_religion_person_of_interest1`
    FOREIGN KEY (`poi_id`)
    REFERENCES `gameOfThrones`.`person_of_interest` (`poi_id`)
    ON DELETE NO ACTION
    ON UPDATE NO ACTION,
  CONSTRAINT `fk_person_of_interest_has_religion_religion1`
    FOREIGN KEY (`relig_code`)
    REFERENCES `gameOfThrones`.`religion` (`relig_code`)
    ON DELETE NO ACTION
    ON UPDATE NO ACTION)
ENGINE = InnoDB;


-- -----------------------------------------------------
-- Table `gameOfThrones`.`great_house_allegiance`
-- -----------------------------------------------------
DROP TABLE IF EXISTS `gameOfThrones`.`great_house_allegiance` ;

CREATE TABLE IF NOT EXISTS `gameOfThrones`.`great_house_allegiance` (
  `gh_id` INT NOT NULL,
  `gh_ally_id` INT NULL,
  INDEX `fk_great_houses_has_great_houses_great_houses2_idx` (`gh_ally_id` ASC),
  INDEX `fk_great_houses_has_great_houses_great_houses1_idx` (`gh_id` ASC),
  CONSTRAINT `fk_great_houses_has_great_houses_great_houses1`
    FOREIGN KEY (`gh_id`)
    REFERENCES `gameOfThrones`.`great_houses` (`gh_id`)
    ON DELETE NO ACTION
    ON UPDATE NO ACTION,
  CONSTRAINT `fk_great_houses_has_great_houses_great_houses2`
    FOREIGN KEY (`gh_ally_id`)
    REFERENCES `gameOfThrones`.`great_houses` (`gh_id`)
    ON DELETE NO ACTION
    ON UPDATE NO ACTION)
ENGINE = InnoDB;


-- -----------------------------------------------------
-- Data for table `gameOfThrones`.`great_houses`
-- -----------------------------------------------------
START TRANSACTION;
USE `gameOfThrones`;
INSERT INTO `gameOfThrones`.`great_houses` (`gh_id`, `gh_name`, `gh_desc`) VALUES (1, 'Stark', 'House Stark rules the North of Westeros from their seat in Winterfell. Their sigil is a grey direwolf on a white field');
INSERT INTO `gameOfThrones`.`great_houses` (`gh_id`, `gh_name`, `gh_desc`) VALUES (2, 'Arryn', 'House Arryn of the Eyrie rules over the Vale of Arryn. The Eyrie is the acnestral seat of the Mountain Kings. Their sigil is a white crescent moon and falcon on a blue field.');
INSERT INTO `gameOfThrones`.`great_houses` (`gh_id`, `gh_name`, `gh_desc`) VALUES (3, 'Frey', 'House Frey rules the Riverlands from the castle of Riverrun. Betrayed House Stark to the Lannisters');
INSERT INTO `gameOfThrones`.`great_houses` (`gh_id`, `gh_name`, `gh_desc`) VALUES (4, 'Greyjoy', 'House Greyjoy rules the Iron Islands from the castle of Pyke');
INSERT INTO `gameOfThrones`.`great_houses` (`gh_id`, `gh_name`, `gh_desc`) VALUES (5, 'Lannister', 'House Lannister is the current royal house of the Seven Kingdoms and rules from the Red Keep in King\'s Landing. They also rule the Westerlands from the castle of Casterly Rock.');
INSERT INTO `gameOfThrones`.`great_houses` (`gh_id`, `gh_name`, `gh_desc`) VALUES (6, 'Targaryen', 'House Targaryen is the claimant royal house of the Sevent Kingdoms, and former royal house and rulers of the Crownlands from the Red Keep. Current lead by Daenerys Targaryen');
INSERT INTO `gameOfThrones`.`great_houses` (`gh_id`, `gh_name`, `gh_desc`) VALUES (7, 'Tully', 'House Tully are the former rulers of the Riverlands ruling from Riverrun until the events of the Red Wedding.');
INSERT INTO `gameOfThrones`.`great_houses` (`gh_id`, `gh_name`, `gh_desc`) VALUES (8, 'Baratheon', 'House Baratheon were the rulers of the Crownlands and Stormlands from the Red Keep and Storm\'s End, respectively. Currently extinct due to the main bloodline members being dead.');
INSERT INTO `gameOfThrones`.`great_houses` (`gh_id`, `gh_name`, `gh_desc`) VALUES (9, 'Martell', 'House Martell were rulers of Dorne from the Castle of Sunspear. Currently extinct since the main bloodline was killed by Ellaria Sand and other members of the Sand Snakes in their coup');
INSERT INTO `gameOfThrones`.`great_houses` (`gh_id`, `gh_name`, `gh_desc`) VALUES (10, 'Bolton', 'House Bolton were formerly bannermen of House Stark however after the Red Wedding became the rulers of the North from the castle of Winterfell. However the sole heir was killed in the aftermath of the Battle of the Bastards making the house extinct.');
INSERT INTO `gameOfThrones`.`great_houses` (`gh_id`, `gh_name`, `gh_desc`) VALUES (11, 'Tyrell', 'House Tyrell of Highgarden ruled over the Reach, a vast, fertile, and heavily-populated region of southwestern Westeros, from their castle-seat of Highgarden as Lords Paramount of the Reach and Wardens of the South after taking control of the region from House Gardener during the Targaryen conquest. Their sigil is a golden rose on a green field.');

COMMIT;


-- -----------------------------------------------------
-- Data for table `gameOfThrones`.`region`
-- -----------------------------------------------------
START TRANSACTION;
USE `gameOfThrones`;
INSERT INTO `gameOfThrones`.`region` (`region_id`, `region_name`, `region_desc`, `controlled_by_gh`) VALUES (1, 'The North', 'The largest of the nine major regions of Westeros. According to legend, the Kingdom of the North was established 8000 years ago by Bran the Builder, founder of House Stark.', Stark);
INSERT INTO `gameOfThrones`.`region` (`region_id`, `region_name`, `region_desc`, `controlled_by_gh`) VALUES (2, 'The Vale of Arryn', 'One of the consituent regions of the Seven Kingdoms. Before the Targaryen Conquest, it was a sovereign nation known as the Kingdom of Mountain and Vale. It is surrounded and protected by the Moutains of the Moon and isolated from the rest of Westeros and only accessible during warmer seasons.', Arryn);
INSERT INTO `gameOfThrones`.`region` (`region_id`, `region_name`, `region_desc`, `controlled_by_gh`) VALUES (3, 'The Reach', 'One of the administrative regions of the Seven Kingdoms and was formerly a sovereign nation known as the Kingdom of the Reach before the Targaryen conquest. Second largest region in the Seven Kingdoms behind the North', Tyrell);
INSERT INTO `gameOfThrones`.`region` (`region_id`, `region_name`, `region_desc`, `controlled_by_gh`) VALUES (4, 'Dorne', 'One of the nine consituent regions of the Seven Kingdoms, and the southernmost part of Westeros.', Martell);
INSERT INTO `gameOfThrones`.`region` (`region_id`, `region_name`, `region_desc`, `controlled_by_gh`) VALUES (5, 'The Riverlands', 'Located roughly in the center of the continent, the Riverlands are one of the constituent regions of the Seven Kingdoms. They have been a frequent battleground in the civil wars that have afflicted the Seven Kingdoms.', Frey);
INSERT INTO `gameOfThrones`.`region` (`region_id`, `region_name`, `region_desc`, `controlled_by_gh`) VALUES (6, 'Beyond the Wall', 'This is the large area of Westeros that lies North beyond the Wall. It is inhabited by tribes known as the Free Folk or Wildlings.', NULL);
INSERT INTO `gameOfThrones`.`region` (`region_id`, `region_name`, `region_desc`, `controlled_by_gh`) VALUES (7, 'The Stormlands', 'Located in the south east coast of the Seven Kingdoms of Westeros, the Stormlands are one of the constituent regions of the Seven Kingdoms. It is named for the savage and frequent storms from the Narrow Sea that batter the coast.', Baratheon);
INSERT INTO `gameOfThrones`.`region` (`region_id`, `region_name`, `region_desc`, `controlled_by_gh`) VALUES (8, 'Iron Islands', 'A group of seven small rocky islands clustered off the western coast of the mainland of Westeros. They are the smallest and least populated region of the continent however the naval skills of their population is unmatched.', Greyjoy);
INSERT INTO `gameOfThrones`.`region` (`region_id`, `region_name`, `region_desc`, `controlled_by_gh`) VALUES (9, 'The Free Cities', 'Former colonies of the Valyrian Freehold before its fall, each city is now an independent city-state, competing amongst themselves for land and resources', NULL);
INSERT INTO `gameOfThrones`.`region` (`region_id`, `region_name`, `region_desc`, `controlled_by_gh`) VALUES (10, 'Dothraki Sea', 'The vast grasslands of the interior of Essos. It is inhabited by the Dothraki whose capital is Vaes Dothrak', NULL);
INSERT INTO `gameOfThrones`.`region` (`region_id`, `region_name`, `region_desc`, `controlled_by_gh`) VALUES (11, 'The Crownlands', 'One of the nine constituent regions of the Seven Kingdoms. Ruled directly by the monarch on the Iron Throne from the city of King\'s Landing.', Lannister);
INSERT INTO `gameOfThrones`.`region` (`region_id`, `region_name`, `region_desc`, `controlled_by_gh`) VALUES (12, 'Slaver\'s Bay', 'Located on the souther coast of Essos, the cities of Slaver\'s Bay were the hub of the international slave trade for millennia.', NULL);

COMMIT;


-- -----------------------------------------------------
-- Data for table `gameOfThrones`.`important_location`
-- -----------------------------------------------------
START TRANSACTION;
USE `gameOfThrones`;
INSERT INTO `gameOfThrones`.`important_location` (`location_id`, `location_name`, `location_description`, `region_id`) VALUES (1, 'The Wall', 'The Wall is a fortification that stretches for 100 leagues along the northern border of the Seven Kingdoms, defending the realm from the wildlings and white walkers beyond.', 1);
INSERT INTO `gameOfThrones`.`important_location` (`location_id`, `location_name`, `location_description`, `region_id`) VALUES (2, 'Highgarden', 'The seat of House Tyrell and the regional capital of The Reach.', 3);
INSERT INTO `gameOfThrones`.`important_location` (`location_id`, `location_name`, `location_description`, `region_id`) VALUES (3, 'Sunspear', 'The seat of House martell and the regional capital of Dorne', 4);
INSERT INTO `gameOfThrones`.`important_location` (`location_id`, `location_name`, `location_description`, `region_id`) VALUES (4, 'Winterfell', 'The seat of House Stark and the regional capital of the North.', 1);
INSERT INTO `gameOfThrones`.`important_location` (`location_id`, `location_name`, `location_description`, `region_id`) VALUES (5, 'The Eyrie', 'The seat of House Arryn and regional capital of the Vale of Arryn', 2);
INSERT INTO `gameOfThrones`.`important_location` (`location_id`, `location_name`, `location_description`, `region_id`) VALUES (6, 'Riverrun', 'The seat of House Tully before the Red Wedding. ', 5);
INSERT INTO `gameOfThrones`.`important_location` (`location_id`, `location_name`, `location_description`, `region_id`) VALUES (7, 'The Twins', 'The seat of House Frey before the Red Wedding when they were given Riverrun', 5);
INSERT INTO `gameOfThrones`.`important_location` (`location_id`, `location_name`, `location_description`, `region_id`) VALUES (8, 'Storm\'s End', 'The seat of House Baratheon and the regional capital of The Stormlands', 7);
INSERT INTO `gameOfThrones`.`important_location` (`location_id`, `location_name`, `location_description`, `region_id`) VALUES (9, 'Vaes Dothrak', 'The \'capital city\' of the Dothraki people', 10);
INSERT INTO `gameOfThrones`.`important_location` (`location_id`, `location_name`, `location_description`, `region_id`) VALUES (10, 'Braavos', 'The most powerful of the Free Cities, led by the Sealord. Home to the Iron Bank of Braavos and the assassins\' guild known as the Faceless Men.', 9);
INSERT INTO `gameOfThrones`.`important_location` (`location_id`, `location_name`, `location_description`, `region_id`) VALUES (11, 'Kings Landing', 'Capital and largest city of the Seven Kingdoms. Located on the east coast of Westeros in the Crownlands.', 11);
INSERT INTO `gameOfThrones`.`important_location` (`location_id`, `location_name`, `location_description`, `region_id`) VALUES (12, 'Oldtown', 'The oldest major city in Westeros. Site of the Citadel which is the home of the order of maesters.', 3);
INSERT INTO `gameOfThrones`.`important_location` (`location_id`, `location_name`, `location_description`, `region_id`) VALUES (13, 'Qarth', 'Great trading city located on the southern coast of Essos. Known for The House of the Undying which is home to the Warlocks of Qarth.', 9);
INSERT INTO `gameOfThrones`.`important_location` (`location_id`, `location_name`, `location_description`, `region_id`) VALUES (14, 'Astapor', 'Southermost of the three great city-states of Slaver\'s Bay. Home to the infamous Unsullied.', 12);

COMMIT;


-- -----------------------------------------------------
-- Data for table `gameOfThrones`.`organization`
-- -----------------------------------------------------
START TRANSACTION;
USE `gameOfThrones`;
INSERT INTO `gameOfThrones`.`organization` (`org_id`, `org_name`, `org_desc`, `location_id`) VALUES (1, 'The Night\'s Watch', 'A military order whichs holds and guards the Wall. Organized into 3 groups: Rangers, Builders, and Stewards.', 1);
INSERT INTO `gameOfThrones`.`organization` (`org_id`, `org_name`, `org_desc`, `location_id`) VALUES (2, 'The Faceless Men', 'Guild of Assassins based in the Free City of Braavos. Reputation for success that is unparalleled by any comparable organization', 10);
INSERT INTO `gameOfThrones`.`organization` (`org_id`, `org_name`, `org_desc`, `location_id`) VALUES (3, 'Order of Maesters', 'Order of scholars, healers, and learned men in the Seven Kingdoms.', 12);
INSERT INTO `gameOfThrones`.`organization` (`org_id`, `org_name`, `org_desc`, `location_id`) VALUES (4, 'Small council', 'The body which advises the King of the Seven Kingdoms and institutes policy at his command.', 11);
INSERT INTO `gameOfThrones`.`organization` (`org_id`, `org_name`, `org_desc`, `location_id`) VALUES (5, 'City Watch (Gold Cloaks)', 'The law-enforcement institution responsible for the safety and security of King\'s Landing', 11);
INSERT INTO `gameOfThrones`.`organization` (`org_id`, `org_name`, `org_desc`, `location_id`) VALUES (6, 'Kingsguard', 'Elite group of seven knights, supposedly the greatest and most skilled warriors in all of Westeros, who serve as the royal bodyguard to the King of Westeros and his family.', 11);
INSERT INTO `gameOfThrones`.`organization` (`org_id`, `org_name`, `org_desc`, `location_id`) VALUES (7, 'Iron Bank of Braavos', 'The richest bank in the known world. Has steadily funded the Iron Throne since the reign of Robert Baratheon', 10);
INSERT INTO `gameOfThrones`.`organization` (`org_id`, `org_name`, `org_desc`, `location_id`) VALUES (8, 'Warlocks of Qarth', 'A group of magic practitioners based in the city of Qarth. They gather at the House of the Undying and are recognizable by their blue lips, caused by drinking a substance known as shade of the evening', 13);
INSERT INTO `gameOfThrones`.`organization` (`org_id`, `org_name`, `org_desc`, `location_id`) VALUES (9, 'Unsullied', 'Elite warrior-eunuchs bred and trained in Astapor, one of the three major cities of Slaver\'s Bay.', 14);
INSERT INTO `gameOfThrones`.`organization` (`org_id`, `org_name`, `org_desc`, `location_id`) VALUES (10, 'Brotherhood Without Banners', 'An outlaw group working against Lannister interests in the Riverlands at the time of the War of the Five Kings', 6);

COMMIT;


-- -----------------------------------------------------
-- Data for table `gameOfThrones`.`lesser_house`
-- -----------------------------------------------------
START TRANSACTION;
USE `gameOfThrones`;
INSERT INTO `gameOfThrones`.`lesser_house` (`lh_id`, `lh_name`, `bannerman_of_gh`, `region_id`) VALUES (1, 'Dormund', 1, 1);
INSERT INTO `gameOfThrones`.`lesser_house` (`lh_id`, `lh_name`, `bannerman_of_gh`, `region_id`) VALUES (2, 'Karstark', 10, 1);
INSERT INTO `gameOfThrones`.`lesser_house` (`lh_id`, `lh_name`, `bannerman_of_gh`, `region_id`) VALUES (3, 'Umber', 10, 1);
INSERT INTO `gameOfThrones`.`lesser_house` (`lh_id`, `lh_name`, `bannerman_of_gh`, `region_id`) VALUES (4, 'Morrigen', 8, 7);
INSERT INTO `gameOfThrones`.`lesser_house` (`lh_id`, `lh_name`, `bannerman_of_gh`, `region_id`) VALUES (5, 'Connington', 8, 7);
INSERT INTO `gameOfThrones`.`lesser_house` (`lh_id`, `lh_name`, `bannerman_of_gh`, `region_id`) VALUES (6, 'Hornwood', 1, 1);
INSERT INTO `gameOfThrones`.`lesser_house` (`lh_id`, `lh_name`, `bannerman_of_gh`, `region_id`) VALUES (7, 'Erenford', 3, 5);
INSERT INTO `gameOfThrones`.`lesser_house` (`lh_id`, `lh_name`, `bannerman_of_gh`, `region_id`) VALUES (8, 'Hightower', 11, 3);
INSERT INTO `gameOfThrones`.`lesser_house` (`lh_id`, `lh_name`, `bannerman_of_gh`, `region_id`) VALUES (9, 'Dayne', 9, 4);
INSERT INTO `gameOfThrones`.`lesser_house` (`lh_id`, `lh_name`, `bannerman_of_gh`, `region_id`) VALUES (10, 'Tarly', 5, 11);

COMMIT;


-- -----------------------------------------------------
-- Data for table `gameOfThrones`.`person_of_interest`
-- -----------------------------------------------------
START TRANSACTION;
USE `gameOfThrones`;
INSERT INTO `gameOfThrones`.`person_of_interest` (`poi_id`, `poi_fname`, `poi_lname`, `poi_desc`, `poi_age`, `poi_titles`, `gh_id`, `lh_id`, `org_id`) VALUES (1, 'Jon', 'Snow', 'True name, Aegon Targaryen, son of Lyanna Stark and Rahegar Targaryen. He is raised as the bastard son of Lord Eddard Stark.', 22, 'Lord Commander of the Night\'s Watch, Warden of the North, King in the North', 1, NULL, 1);
INSERT INTO `gameOfThrones`.`person_of_interest` (`poi_id`, `poi_fname`, `poi_lname`, `poi_desc`, `poi_age`, `poi_titles`, `gh_id`, `lh_id`, `org_id`) VALUES (2, 'Eddard', 'Stark', 'Head of House Stark before his execution. He was a close friend and counselor of King Robert Baratheon and acted as a general in several major battles during Robert\'s play for the throne.', NULL, 'Lord of Winterfell, Lord Paramount of the North, Warden of the North, Hand of the King, Lord Regent of the Seven Kingdoms, Protector of the Realm', 1, NULL, NULL);
INSERT INTO `gameOfThrones`.`person_of_interest` (`poi_id`, `poi_fname`, `poi_lname`, `poi_desc`, `poi_age`, `poi_titles`, `gh_id`, `lh_id`, `org_id`) VALUES (3, 'Robb', 'Stark', 'Eldest Stark child and head of House Stark after the execution of his father Eddard, declaring himself King of the North.', 19, 'King in the North, Lord of Winterfell, Lord Paramount of the North', 1, NULL, NULL);
INSERT INTO `gameOfThrones`.`person_of_interest` (`poi_id`, `poi_fname`, `poi_lname`, `poi_desc`, `poi_age`, `poi_titles`, `gh_id`, `lh_id`, `org_id`) VALUES (4, 'Arya', 'Stark', 'The youngest daughter of the Stark House. After escaping the persecution of House Stark by the Lannisters, she is trained as a Faceless Man in Braavos.', 17, 'Princess', 1, NULL, NULL);
INSERT INTO `gameOfThrones`.`person_of_interest` (`poi_id`, `poi_fname`, `poi_lname`, `poi_desc`, `poi_age`, `poi_titles`, `gh_id`, `lh_id`, `org_id`) VALUES (5, 'Tyrion', 'Lannister', 'Youngest child and a dwarf of House Lannister. Uses his wit and intellect to overcome many situations. Falsely accused of murdering King Joffrey. Murdered his father Tywin before fleeing to Essos.', 39, 'Lord of Casterly Rock, Lord Paramount of the Westerlands, Warden of the West, Hand of the Queen, Master of Coin, Acting Hand of the King', 5, NULL, 4);
INSERT INTO `gameOfThrones`.`person_of_interest` (`poi_id`, `poi_fname`, `poi_lname`, `poi_desc`, `poi_age`, `poi_titles`, `gh_id`, `lh_id`, `org_id`) VALUES (6, 'Tywin', 'Lannister', 'Head of House Lannister before being killed by Tyrion. Ruled the Westerlands with an Iron Fist. ', 67, 'Lord of Casterly Rock, Lord Paramount of the Westerlands, Warden of the West, Shield of Lannisport, Hand of the King, Protector of the Realm, Savior of the City, Ser', 5, NULL, NULL);
INSERT INTO `gameOfThrones`.`person_of_interest` (`poi_id`, `poi_fname`, `poi_lname`, `poi_desc`, `poi_age`, `poi_titles`, `gh_id`, `lh_id`, `org_id`) VALUES (7, 'Jaime ', 'Lannister', 'Eldest son of House Lannister, involved in an incestuous relationship with Cersei Lannister and the biological father to Joffrey, Myrcella, and Tommen', 43, 'Ser, Lord Commander of the Kingsguard', 5, NULL, 6);
INSERT INTO `gameOfThrones`.`person_of_interest` (`poi_id`, `poi_fname`, `poi_lname`, `poi_desc`, `poi_age`, `poi_titles`, `gh_id`, `lh_id`, `org_id`) VALUES (8, 'Cersei ', 'Lannister', 'Eldest daughter of House Lannister, widow of King Robert Baratheon, assumed the Throne after the deaths of Joffrey, Myrcella, and Tommen', 43, 'Queen of the Andals and the First Men, Protector of the Seven Kingdoms, Lady of Casterly Rock, Lady Paramount of the Westerlands, Wardeness of the West, Queen Mother, Queen Regent, Queen Consort', 5, NULL, NULL);
INSERT INTO `gameOfThrones`.`person_of_interest` (`poi_id`, `poi_fname`, `poi_lname`, `poi_desc`, `poi_age`, `poi_titles`, `gh_id`, `lh_id`, `org_id`) VALUES (9, 'Joffrey', 'Baratheon', 'Supposed eldest son of Robert Baratheon and Cersei Lannister (actually son of Jaime and Cersei). Spoiled, arrogant, cowardly, childish and sadistic are traits that describe him and become clear when he ascends to the throne.', 19, 'King of the Andals and the First Men, Lord of the Seven Kingdoms, Protector of the Realm, Lord of Storm\'s End, Lord Paramount of the Stormlands', 8, NULL, NULL);
INSERT INTO `gameOfThrones`.`person_of_interest` (`poi_id`, `poi_fname`, `poi_lname`, `poi_desc`, `poi_age`, `poi_titles`, `gh_id`, `lh_id`, `org_id`) VALUES (10, 'Robert ', 'Baratheon', 'Former ruler of the Seven Kingdoms. Overthrew the Targaryens in Robert\'s Rebellion.', NULL, 'King of the Andals and the First Men, Lord of the Seven Kingdoms, Protector of the Realm, Lord of Storm\'s End, Lord Paramount of the Stormlands', 8, NULL, NULL);
INSERT INTO `gameOfThrones`.`person_of_interest` (`poi_id`, `poi_fname`, `poi_lname`, `poi_desc`, `poi_age`, `poi_titles`, `gh_id`, `lh_id`, `org_id`) VALUES (11, 'Daenerys', 'Targaryen', 'The only daughter and youngest child of King Aerys II Targaryen and Rhaella. Grew up in exile in the Free Cities with her brother Viserys.', 22, 'Queen of the Andals and the First Men, Protector of the Seven Kingdoms, Khaleesi of the Great Grass Sea, Lady of Dragonstone, Queen of Meereen, Khaleesi ', 6, NULL, NULL);
INSERT INTO `gameOfThrones`.`person_of_interest` (`poi_id`, `poi_fname`, `poi_lname`, `poi_desc`, `poi_age`, `poi_titles`, `gh_id`, `lh_id`, `org_id`) VALUES (12 , 'Melisandre', NULL, 'Hailing from Asshai, Melisandre is a Red Priestess of the Lord Of Light who resurrects Jon Snow after his murder by multiple members of the Night\'s Watch. ', 401, NULL, NULL, NULL, NULL);
INSERT INTO `gameOfThrones`.`person_of_interest` (`poi_id`, `poi_fname`, `poi_lname`, `poi_desc`, `poi_age`, `poi_titles`, `gh_id`, `lh_id`, `org_id`) VALUES (13, 'Doran', 'Martell', 'Former Prince of Dorne, Lord of Sunspear, and Head of House Martell. Was a very pensive and calculating man. Suffered from an extreme case of gout which restricted him to a wheelchair', NULL, 'Prince of Dorne, Lord of Sunspear', 9, NULL, NULL);
INSERT INTO `gameOfThrones`.`person_of_interest` (`poi_id`, `poi_fname`, `poi_lname`, `poi_desc`, `poi_age`, `poi_titles`, `gh_id`, `lh_id`, `org_id`) VALUES (14, 'Oberyn ', 'Martell', 'Former Prince of Dorne, Oberyn was the younger brother of Doran. Extremely accomplished fighter and master of poison. Studied as a maester for some time and forged several links in a maester\'s chain before growing bored and abandoning his studies. ', NULL, 'Prince of Dorne', 9, NULL, NULL);
INSERT INTO `gameOfThrones`.`person_of_interest` (`poi_id`, `poi_fname`, `poi_lname`, `poi_desc`, `poi_age`, `poi_titles`, `gh_id`, `lh_id`, `org_id`) VALUES (15, 'Rickon', 'Stark', 'Youngest son of House Stark', 11, 'Prince', 1, NULL, NULL);
INSERT INTO `gameOfThrones`.`person_of_interest` (`poi_id`, `poi_fname`, `poi_lname`, `poi_desc`, `poi_age`, `poi_titles`, `gh_id`, `lh_id`, `org_id`) VALUES (16, 'Viserys', 'Targaryen', 'The second son and heir to King Aegon II Targaryen. Grew up in the Free Cities after his father was killed by Robert Baratheon. Sold his sister to Khal Drogo in exchange for an army to invade Westeros.', 22, 'King of the Andals and the First Men, Lord of the Seven Kingdoms, Protector of the Realm, Prince', 6, NULL, NULL);
INSERT INTO `gameOfThrones`.`person_of_interest` (`poi_id`, `poi_fname`, `poi_lname`, `poi_desc`, `poi_age`, `poi_titles`, `gh_id`, `lh_id`, `org_id`) VALUES (17, 'Drogo', '', 'Drogo was a Khal or warlord of the Dothraki. He has never been beaten in battle.', NULL, 'Khal', NULL, NULL, NULL);
INSERT INTO `gameOfThrones`.`person_of_interest` (`poi_id`, `poi_fname`, `poi_lname`, `poi_desc`, `poi_age`, `poi_titles`, `gh_id`, `lh_id`, `org_id`) VALUES (18, 'Samwell', 'Tarly', 'a steward in the Night\'s Watch and is Jon Snow\'s closest friend. He is the eldest son of Lord Randyll Tarly and Lady Melessa Tarly of Horn Hill and older brother of Dickon and Talla Tarly. He was forced to join the Night\'s Watch by his father under the threat of death, putting him out of the line of inheritance for House Tarly', 24, NULL, NULL, 10, 1);

COMMIT;


-- -----------------------------------------------------
-- Data for table `gameOfThrones`.`religion`
-- -----------------------------------------------------
START TRANSACTION;
USE `gameOfThrones`;
INSERT INTO `gameOfThrones`.`religion` (`relig_code`, `relig_name`, `relig_desc`) VALUES (1, 'Old Gods of the Forest', 'A collection of innumerable and unnamed spritis of nature, which are worshiped by many people of the North and small numbers throughout Westeros');
INSERT INTO `gameOfThrones`.`religion` (`relig_code`, `relig_name`, `relig_desc`) VALUES (2, 'Faith of the Seven', 'The majority religion of Westeros. Based on the the worship of a single deity with seven \'aspects\'/\'faces\'');
INSERT INTO `gameOfThrones`.`religion` (`relig_code`, `relig_name`, `relig_desc`) VALUES (3, 'Drowned God', 'Local religion of the people of the Iron Islands. Centered around maritime skill and seafaring ability. Killing enemies in battle is considered a pious act.');
INSERT INTO `gameOfThrones`.`religion` (`relig_code`, `relig_name`, `relig_desc`) VALUES (4, 'R\'hllor the Lord of Light', 'A deity widely worshipped on the continent of Essos. Centered around the belief in the existence of two deities: R\'hllor the God of Fire and the Great Other who is the god of darkness. Followers believe R\'hllor is the \'one true god\'');
INSERT INTO `gameOfThrones`.`religion` (`relig_code`, `relig_name`, `relig_desc`) VALUES (5, 'Many-Faced God of Death', 'Deity worshipped by the assassins known as the Faceless Men. Its followers believe that Death is unknowingly worshipped  by devotees of all religions in the world just under different names.');
INSERT INTO `gameOfThrones`.`religion` (`relig_code`, `relig_name`, `relig_desc`) VALUES (6, 'Great Stallion', 'A horse god worshipped by the Dothraki. The Dothraki believe that every nation/people have their own idols/gods but the Great Stallion is the greatest of them all.');
INSERT INTO `gameOfThrones`.`religion` (`relig_code`, `relig_name`, `relig_desc`) VALUES (7, 'Great Shepherd', 'The deity worshipped by the Lhazareen. Followers believe that all men are considered part of a single flock.');
INSERT INTO `gameOfThrones`.`religion` (`relig_code`, `relig_name`, `relig_desc`) VALUES (8, 'Ghiscari Religion', 'The religion is followed in Slaver\'s Bay and is centered around Priestesses known as Graces.');
INSERT INTO `gameOfThrones`.`religion` (`relig_code`, `relig_name`, `relig_desc`) VALUES (9, 'Bearded Priests of Norvos', 'The religious, political and military leaders of the Free City of Norvos. They serve as human representatives of Norvos\'s deity but are most famour as warrior-priests. The name of the deity that they worship is secret and only revealed to initiates.');
INSERT INTO `gameOfThrones`.`religion` (`relig_code`, `relig_name`, `relig_desc`) VALUES (10, 'Black Goat of Qohor', 'A deity worshipped in the Free City of Qohor.');

COMMIT;


-- -----------------------------------------------------
-- Data for table `gameOfThrones`.`important_deaths`
-- -----------------------------------------------------
START TRANSACTION;
USE `gameOfThrones`;
INSERT INTO `gameOfThrones`.`important_deaths` (`poi_id`, `death_description`) VALUES (1, 'Stabbed to death by his own men in the mutiny at Castle Black (later resurrected)');
INSERT INTO `gameOfThrones`.`important_deaths` (`poi_id`, `death_description`) VALUES (2, 'Beheaded with Ice by Ser Ilyn Payne on the orders of Joffrey Baratheon');
INSERT INTO `gameOfThrones`.`important_deaths` (`poi_id`, `death_description`) VALUES (3, 'Wounded by Frey crossbowmen, then fatally stabbed through the heart by Roose Bolton during the Red Wedding');
INSERT INTO `gameOfThrones`.`important_deaths` (`poi_id`, `death_description`) VALUES (6, 'Shot in the stomach and heart by his son Tyrion with a crossbow');
INSERT INTO `gameOfThrones`.`important_deaths` (`poi_id`, `death_description`) VALUES (9, 'Poisoned with the strangler at his wedding feat by Olenna Tyrell');
INSERT INTO `gameOfThrones`.`important_deaths` (`poi_id`, `death_description`) VALUES (10, 'Mortally wounded by a wild boar after drinking an excessive amount of wine given to him by Lancel Lannister, on the orders of Cersei Lannister');
INSERT INTO `gameOfThrones`.`important_deaths` (`poi_id`, `death_description`) VALUES (13, 'Bled to death after being stabbed in the chest by Ellaria Sand during her coup');
INSERT INTO `gameOfThrones`.`important_deaths` (`poi_id`, `death_description`) VALUES (14, 'Skull crushed by Ser Gregor Clegane during the Second Trial by Combat of Tyrion Lannister');
INSERT INTO `gameOfThrones`.`important_deaths` (`poi_id`, `death_description`) VALUES (15, 'Shot through the back with an arrow by Ramsay Bolton shortly before the Battle of the Bastards');
INSERT INTO `gameOfThrones`.`important_deaths` (`poi_id`, `death_description`) VALUES (16, 'Burned with molten gold by Khal Drogo');
INSERT INTO `gameOfThrones`.`important_deaths` (`poi_id`, `death_description`) VALUES (17, 'Smothered with a pillow by Daenerys Targaryen as a mercy killing after being left in a vegetative state by Mirri Maz Duur');

COMMIT;


-- -----------------------------------------------------
-- Data for table `gameOfThrones`.`battle`
-- -----------------------------------------------------
START TRANSACTION;
USE `gameOfThrones`;
INSERT INTO `gameOfThrones`.`battle` (`battle_id`, `battle_name`, `battle_desc`) VALUES (1, 'Battle of Castle Black', 'Battle between the Night\'s Watch/House Baratheon and the Wildlings of the North beyond the Wall. Outcome: Mance Rayder captured; wildling army scattered; Night\'s Watch/House Baratheon victory');
INSERT INTO `gameOfThrones`.`battle` (`battle_id`, `battle_name`, `battle_desc`) VALUES (2, 'Battle of the Trident', 'The climactic battle of Robert\'s Rebellion in which Robert Baratheon killed Rhaegar Targaryen, turning the tide of the rebellion in favor of Robert. Outcome: Death of Prince Rhaegar');
INSERT INTO `gameOfThrones`.`battle` (`battle_id`, `battle_name`, `battle_desc`) VALUES (3, 'The Red Wedding', 'A massacre during the War of the Five Kings arranged by Lord Walder Frey as revenge against King Robb Stark for breaking the marriage pact between House Stark and House Frey. Outcome: Deaths of King Robb Stark, Queen Talisa Stark, Catelyn Stark, Annihilation of the Northern Army');
INSERT INTO `gameOfThrones`.`battle` (`battle_id`, `battle_name`, `battle_desc`) VALUES (4, 'Battle of the Bastards', 'A battle late during the War of the Five Kings in which Jon Snow and Sansa Stark retake Winterfell from Ramsay Bolton and restore House Stark as the ruling House of the North. Outcome: Decisive Stark-Arryn Victory');
INSERT INTO `gameOfThrones`.`battle` (`battle_id`, `battle_name`, `battle_desc`) VALUES (5, 'Battle of the Blackwater', 'The largest battle in the War of the Five Kings. The battle was an attempt by Stannis Baratheon to take King\'s Landing and seize the Iron Throne from King Joffrey. Tyrion led the defense of the city and successfully destroyed a large portion of Stannis\' fleet through the use of wildfire. Outcome: Decisive Lannister-Tyrell Victory');
INSERT INTO `gameOfThrones`.`battle` (`battle_id`, `battle_name`, `battle_desc`) VALUES (6, 'Battle of the Goldroad', 'Part of Daenerys Targaryen\'s invasion of Westeros in which her Dothraki horde ambushed the combined Lannister-Tarly field army and supply train as it was returning east to King\'s Landing after sacking Highgarden. Outcome: Decisive Targaryen Victory, Surrender of surviving Lannister-Tarly Forces, Supply train and army smashed, Death of Lord Randyll and Dickon Tarly');
INSERT INTO `gameOfThrones`.`battle` (`battle_id`, `battle_name`, `battle_desc`) VALUES (7, 'Battle of Winterfell', 'A battle late in the War of the Five Kings in which Stannis Baratheon attempts to take winterfell from Lord Roose Bolton. Stannis was defeated however Sansa Stark was able to escape. Outcome: House Bolton Victory, Death of Stannis Baratheon which ends the Baratheon bloodline, Escape of Sansa Stark and Theon Greyjoy');
INSERT INTO `gameOfThrones`.`battle` (`battle_id`, `battle_name`, `battle_desc`) VALUES (8, 'Massacre at Hardhome', 'A battle in the conflict beyond the Wall between the Night\'s Watch and the Free Folk against the White Walkers and the Wights. Outcome: Decisive White Walkers victory, Tens of thousands of wildlings raised as Wights, ~5000 wildlings successfully evacuated.');
INSERT INTO `gameOfThrones`.`battle` (`battle_id`, `battle_name`, `battle_desc`) VALUES (9, 'Assault on the Dreadfort', 'An attempted rescue mission during the War of the Five Kings to save Theon Greyjoy by his sister Yara Greyjoy and 50 Iron Island Raiders.  Outcome: House Bolton Victory');
INSERT INTO `gameOfThrones`.`battle` (`battle_id`, `battle_name`, `battle_desc`) VALUES (10, 'Mutiny at Craster\'s Keep', 'An event during the Conflict beyond the Wall at Craster\'s Keep during the Great Ranging. A majority of brothers of the Night\'s Watch are angry with the host Craster for his treatment of them and the refusal of the Lord Commander to do anything about it so they mutiny and kill Commander Mormont and Craster. Outcome: Lord Commander Jeor Mormont killed, Craster\'s Keep seized by mutineers, several loyalist members taken captive.');

COMMIT;


-- -----------------------------------------------------
-- Data for table `gameOfThrones`.`fought_in`
-- -----------------------------------------------------
START TRANSACTION;
USE `gameOfThrones`;
INSERT INTO `gameOfThrones`.`fought_in` (`poi_id`, `battle_id`) VALUES (1, 1);
INSERT INTO `gameOfThrones`.`fought_in` (`poi_id`, `battle_id`) VALUES (11, 6);
INSERT INTO `gameOfThrones`.`fought_in` (`poi_id`, `battle_id`) VALUES (7, 6);
INSERT INTO `gameOfThrones`.`fought_in` (`poi_id`, `battle_id`) VALUES (5, 6);
INSERT INTO `gameOfThrones`.`fought_in` (`poi_id`, `battle_id`) VALUES (3, 3);
INSERT INTO `gameOfThrones`.`fought_in` (`poi_id`, `battle_id`) VALUES (6, 3);
INSERT INTO `gameOfThrones`.`fought_in` (`poi_id`, `battle_id`) VALUES (5, 5);
INSERT INTO `gameOfThrones`.`fought_in` (`poi_id`, `battle_id`) VALUES (6, 5);
INSERT INTO `gameOfThrones`.`fought_in` (`poi_id`, `battle_id`) VALUES (9, 5);
INSERT INTO `gameOfThrones`.`fought_in` (`poi_id`, `battle_id`) VALUES (1, 8);
INSERT INTO `gameOfThrones`.`fought_in` (`poi_id`, `battle_id`) VALUES (2, 2);
INSERT INTO `gameOfThrones`.`fought_in` (`poi_id`, `battle_id`) VALUES (10, 2);
INSERT INTO `gameOfThrones`.`fought_in` (`poi_id`, `battle_id`) VALUES (1, 4);
INSERT INTO `gameOfThrones`.`fought_in` (`poi_id`, `battle_id`) VALUES (1, 10);
INSERT INTO `gameOfThrones`.`fought_in` (`poi_id`, `battle_id`) VALUES (18, 1);
INSERT INTO `gameOfThrones`.`fought_in` (`poi_id`, `battle_id`) VALUES (18, 10);

COMMIT;


-- -----------------------------------------------------
-- Data for table `gameOfThrones`.`believes_in`
-- -----------------------------------------------------
START TRANSACTION;
USE `gameOfThrones`;
INSERT INTO `gameOfThrones`.`believes_in` (`poi_id`, `relig_code`) VALUES (1, 1);
INSERT INTO `gameOfThrones`.`believes_in` (`poi_id`, `relig_code`) VALUES (2, 1);
INSERT INTO `gameOfThrones`.`believes_in` (`poi_id`, `relig_code`) VALUES (3, 1);
INSERT INTO `gameOfThrones`.`believes_in` (`poi_id`, `relig_code`) VALUES (4, 5);
INSERT INTO `gameOfThrones`.`believes_in` (`poi_id`, `relig_code`) VALUES (5, 2);
INSERT INTO `gameOfThrones`.`believes_in` (`poi_id`, `relig_code`) VALUES (6, 2);
INSERT INTO `gameOfThrones`.`believes_in` (`poi_id`, `relig_code`) VALUES (7, 2);
INSERT INTO `gameOfThrones`.`believes_in` (`poi_id`, `relig_code`) VALUES (8, 2);
INSERT INTO `gameOfThrones`.`believes_in` (`poi_id`, `relig_code`) VALUES (9, 2);
INSERT INTO `gameOfThrones`.`believes_in` (`poi_id`, `relig_code`) VALUES (10, 2);
INSERT INTO `gameOfThrones`.`believes_in` (`poi_id`, `relig_code`) VALUES (12, 4);
INSERT INTO `gameOfThrones`.`believes_in` (`poi_id`, `relig_code`) VALUES (13, 2);
INSERT INTO `gameOfThrones`.`believes_in` (`poi_id`, `relig_code`) VALUES (14, 2);
INSERT INTO `gameOfThrones`.`believes_in` (`poi_id`, `relig_code`) VALUES (15, 1);
INSERT INTO `gameOfThrones`.`believes_in` (`poi_id`, `relig_code`) VALUES (16, 2);
INSERT INTO `gameOfThrones`.`believes_in` (`poi_id`, `relig_code`) VALUES (17, 6);
INSERT INTO `gameOfThrones`.`believes_in` (`poi_id`, `relig_code`) VALUES (18, 1);

COMMIT;


-- -----------------------------------------------------
-- Data for table `gameOfThrones`.`great_house_allegiance`
-- -----------------------------------------------------
START TRANSACTION;
USE `gameOfThrones`;
INSERT INTO `gameOfThrones`.`great_house_allegiance` (`gh_id`, `gh_ally_id`) VALUES (1, 6);
INSERT INTO `gameOfThrones`.`great_house_allegiance` (`gh_id`, `gh_ally_id`) VALUES (1, 8);
INSERT INTO `gameOfThrones`.`great_house_allegiance` (`gh_id`, `gh_ally_id`) VALUES (2, 1);
INSERT INTO `gameOfThrones`.`great_house_allegiance` (`gh_id`, `gh_ally_id`) VALUES (2, 6);
INSERT INTO `gameOfThrones`.`great_house_allegiance` (`gh_id`, `gh_ally_id`) VALUES (2, 8);
INSERT INTO `gameOfThrones`.`great_house_allegiance` (`gh_id`, `gh_ally_id`) VALUES (3, 5);
INSERT INTO `gameOfThrones`.`great_house_allegiance` (`gh_id`, `gh_ally_id`) VALUES (3, 8);
INSERT INTO `gameOfThrones`.`great_house_allegiance` (`gh_id`, `gh_ally_id`) VALUES (4, 6);
INSERT INTO `gameOfThrones`.`great_house_allegiance` (`gh_id`, `gh_ally_id`) VALUES (4, 8);
INSERT INTO `gameOfThrones`.`great_house_allegiance` (`gh_id`, `gh_ally_id`) VALUES (5, 8);
INSERT INTO `gameOfThrones`.`great_house_allegiance` (`gh_id`, `gh_ally_id`) VALUES (5, 6);
INSERT INTO `gameOfThrones`.`great_house_allegiance` (`gh_id`, `gh_ally_id`) VALUES (6, NULL);
INSERT INTO `gameOfThrones`.`great_house_allegiance` (`gh_id`, `gh_ally_id`) VALUES (7, 3);
INSERT INTO `gameOfThrones`.`great_house_allegiance` (`gh_id`, `gh_ally_id`) VALUES (7, 1);
INSERT INTO `gameOfThrones`.`great_house_allegiance` (`gh_id`, `gh_ally_id`) VALUES (7, 8);
INSERT INTO `gameOfThrones`.`great_house_allegiance` (`gh_id`, `gh_ally_id`) VALUES (7, 6);
INSERT INTO `gameOfThrones`.`great_house_allegiance` (`gh_id`, `gh_ally_id`) VALUES (8, 6);
INSERT INTO `gameOfThrones`.`great_house_allegiance` (`gh_id`, `gh_ally_id`) VALUES (9, 6);
INSERT INTO `gameOfThrones`.`great_house_allegiance` (`gh_id`, `gh_ally_id`) VALUES (9, 8);
INSERT INTO `gameOfThrones`.`great_house_allegiance` (`gh_id`, `gh_ally_id`) VALUES (10, 8);
INSERT INTO `gameOfThrones`.`great_house_allegiance` (`gh_id`, `gh_ally_id`) VALUES (10, 1);

COMMIT;


SET SQL_MODE=@OLD_SQL_MODE;
SET FOREIGN_KEY_CHECKS=@OLD_FOREIGN_KEY_CHECKS;
SET UNIQUE_CHECKS=@OLD_UNIQUE_CHECKS;
